,N,Mean,Median,Std,Min,P25,P75,Max,Skewness
in,4,0.605586,0.594234,0.070725,0.545358,0.547469,0.652351,0.688518,0.22247
post,5,0.517328,0.49126,0.115465,0.407338,0.427981,0.570177,0.689883,0.585373
pre,3,0.584415,0.55208,0.131429,0.472172,0.512126,0.640537,0.728994,0.424624
