,N,Mean,Median,Std,Min,P25,P75,Max,Skewness
in,3,0.571039,0.439787,0.232932,0.43335,0.436568,0.639883,0.83998,0.706499
post,4,0.50582,0.484254,0.153517,0.356142,0.398685,0.591389,0.698632,0.333532
