,N,Mean,Median,Std,Min,P25,P75,Max,Skewness
in,9,0.539081,0.48046,0.188028,0.257448,0.450001,0.691838,0.854088,0.344089
post,11,0.470352,0.439418,0.131158,0.279333,0.405006,0.513979,0.701022,0.707979
pre,8,0.513727,0.469424,0.155037,0.348023,0.382058,0.650307,0.726735,0.303468
