,N,Mean,Median,Std,Min,P25,P75,Max,Skewness
in,6,0.475479,0.483382,0.118047,0.324888,0.393515,0.532312,0.649043,0.157967
post,7,0.486855,0.398826,0.16085,0.323358,0.379292,0.604884,0.71745,0.598337
pre,5,0.44506,0.435929,0.114278,0.32124,0.356591,0.508424,0.603115,0.301782
