,N,Mean,Median,Std,Min,P25,P75,Max,Skewness
in,1,0.306331,0.306331,,0.306331,0.306331,0.306331,0.306331,
pre,1,0.285037,0.285037,,0.285037,0.285037,0.285037,0.285037,
