,N,Mean,Median,Std,Min,P25,P75,Max,Skewness
post,1,0.549613,0.549613,,0.549613,0.549613,0.549613,0.549613,
