,N,Mean,Median,Std,Min,P25,P75,Max,Skewness
in,3,0.644557,0.652796,0.146344,0.494268,0.573532,0.719701,0.786606,-0.103102
post,1,0.786572,0.786572,,0.786572,0.786572,0.786572,0.786572,
pre,1,0.813363,0.813363,,0.813363,0.813363,0.813363,0.813363,
