,N,Mean,Median,Std,Min,P25,P75,Max,Skewness
in,5,0.697719,0.73231,0.117204,0.571239,0.577168,0.785843,0.822035,-0.195872
post,7,0.727523,0.759323,0.071788,0.645685,0.6558,0.785952,0.804149,-0.208035
pre,4,0.723533,0.726055,0.088298,0.63927,0.651323,0.798265,0.802752,-0.014222
