,N,Mean,Median,Std,Min,P25,P75,Max,Skewness
in,5,0.666764,0.661622,0.089797,0.579255,0.601848,0.682531,0.808564,0.737791
post,7,0.606587,0.632259,0.175024,0.268305,0.563467,0.703072,0.812468,-0.934623
pre,4,0.638757,0.625666,0.084472,0.565912,0.569816,0.694607,0.737784,0.221167
