,N,Mean,Median,Std,Min,P25,P75,Max,Skewness
in,6,0.514663,0.523423,0.17061,0.298971,0.420415,0.547092,0.801102,0.516322
post,5,0.551735,0.556177,0.197084,0.318867,0.456231,0.573104,0.854297,0.518784
pre,5,0.542913,0.525054,0.198175,0.356415,0.37055,0.628011,0.834534,0.495717
