,N,Mean,Median,Std,Min,P25,P75,Max,Skewness
in,1,0.590938,0.590938,,0.590938,0.590938,0.590938,0.590938,
post,1,0.635908,0.635908,,0.635908,0.635908,0.635908,0.635908,
pre,1,0.624136,0.624136,,0.624136,0.624136,0.624136,0.624136,
