,N,Mean,Median,Std,Min,P25,P75,Max,Skewness
in,6,0.506192,0.527806,0.122158,0.317752,0.457805,0.540121,0.685088,-0.14724
post,5,0.517008,0.486819,0.144707,0.36184,0.463881,0.518966,0.753535,0.859612
pre,5,0.521482,0.567639,0.152402,0.359192,0.381721,0.571444,0.727414,0.154118
