,N,Mean,Median,Std,Min,P25,P75,Max,Skewness
in,1,0.509288,0.509288,,0.509288,0.509288,0.509288,0.509288,
post,1,0.450814,0.450814,,0.450814,0.450814,0.450814,0.450814,
pre,1,0.5679,0.5679,,0.5679,0.5679,0.5679,0.5679,
