,N,Mean,Median,Std,Min,P25,P75,Max,Skewness
in,1,0.4967,0.4967,,0.4967,0.4967,0.4967,0.4967,
post,1,0.451971,0.451971,,0.451971,0.451971,0.451971,0.451971,
pre,1,0.587587,0.587587,,0.587587,0.587587,0.587587,0.587587,
