,N,Mean,Median,Std,Min,P25,P75,Max,Skewness
post,1,0.304837,0.304837,,0.304837,0.304837,0.304837,0.304837,
