,N,Mean,Median,Std,Min,P25,P75,Max,Skewness
in,10,0.473178,0.45122,0.124183,0.24718,0.433299,0.580051,0.642937,-0.313216
post,9,0.517132,0.494349,0.162117,0.288166,0.451138,0.628049,0.77772,0.140813
pre,8,0.468316,0.455673,0.172869,0.247293,0.374814,0.566202,0.753498,0.175942
