,N,Mean,Median,Std,Min,P25,P75,Max,Skewness
in,10,0.488284,0.481782,0.137455,0.283883,0.429117,0.584778,0.675476,-0.158146
post,9,0.547265,0.575707,0.160938,0.305516,0.446667,0.676138,0.721767,-0.489771
pre,8,0.501092,0.441883,0.185757,0.285597,0.37757,0.635256,0.792053,0.459757
