,N,Mean,Median,Std,Min,P25,P75,Max,Skewness
in,317,0.831426,0.987801,0.248081,0.08647,0.699144,0.99582,0.999519,-1.254337
post,396,0.865141,0.990069,0.227609,0.224199,0.80973,0.996362,0.999613,-1.56355
pre,251,0.862576,0.985355,0.224754,0.218588,0.781935,0.994827,0.999635,-1.577629
