,N,Mean,Median,Std,Min,P25,P75,Max,Skewness
in,1,0.496402,0.496402,,0.496402,0.496402,0.496402,0.496402,
post,1,0.533296,0.533296,,0.533296,0.533296,0.533296,0.533296,
