,N,Mean,Median,Std,Min,P25,P75,Max,Skewness
in,1,0.489621,0.489621,,0.489621,0.489621,0.489621,0.489621,
