,N,Mean,Median,Std,Min,P25,P75,Max,Skewness
in,15,0.501384,0.471214,0.188676,0.261464,0.324598,0.592568,0.889716,0.525245
post,15,0.521091,0.448531,0.211203,0.270198,0.34508,0.705216,0.905802,0.480071
pre,15,0.504402,0.43117,0.207064,0.266933,0.34662,0.615734,0.910194,0.776012
