,N,Mean,Median,Std,Min,P25,P75,Max,Skewness
in,3,0.227319,0.108525,0.290749,0.014778,0.061651,0.33359,0.558655,0.625306
post,3,0.260141,0.113635,0.308561,0.052126,0.082881,0.364149,0.614662,0.675628
pre,3,0.272694,0.124729,0.282603,0.094795,0.109762,0.361643,0.598557,0.698192
