,N,Mean,Median,Std,Min,P25,P75,Max,Skewness
post,1,0.252587,0.252587,,0.252587,0.252587,0.252587,0.252587,
