,N,Mean,Median,Std,Min,P25,P75,Max,Skewness
post,1,0.72127,0.72127,,0.72127,0.72127,0.72127,0.72127,
