,N,Mean,Median,Std,Min,P25,P75,Max,Skewness
in,5,0.420288,0.455925,0.15224,0.246205,0.291158,0.488275,0.619878,0.069835
post,7,0.464311,0.485285,0.374912,0.018006,0.233474,0.554069,1.171802,0.78155
pre,4,0.456377,0.419007,0.236491,0.227061,0.296103,0.57928,0.760432,0.398953
