,N,Mean,Median,Std,Min,P25,P75,Max,Skewness
in,1,0.232087,0.232087,,0.232087,0.232087,0.232087,0.232087,
post,1,0.299513,0.299513,,0.299513,0.299513,0.299513,0.299513,
pre,1,0.272989,0.272989,,0.272989,0.272989,0.272989,0.272989,
