,N,Mean,Median,Std,Min,P25,P75,Max,Skewness
in,1,0.329258,0.329258,,0.329258,0.329258,0.329258,0.329258,
post,1,0.258799,0.258799,,0.258799,0.258799,0.258799,0.258799,
pre,1,0.232165,0.232165,,0.232165,0.232165,0.232165,0.232165,
