,N,Mean,Median,Std,Min,P25,P75,Max,Skewness
in,1,0.306873,0.306873,,0.306873,0.306873,0.306873,0.306873,
post,1,0.222242,0.222242,,0.222242,0.222242,0.222242,0.222242,
pre,1,0.496539,0.496539,,0.496539,0.496539,0.496539,0.496539,
