,N,Mean,Median,Std,Min,P25,P75,Max,Skewness
post,1,0.112268,0.112268,,0.112268,0.112268,0.112268,0.112268,
