,N,Mean,Median,Std,Min,P25,P75,Max,Skewness
post,1,0.713781,0.713781,,0.713781,0.713781,0.713781,0.713781,
