,N,Mean,Median,Std,Min,P25,P75,Max,Skewness
in,1,0.494677,0.494677,,0.494677,0.494677,0.494677,0.494677,
post,1,0.961777,0.961777,,0.961777,0.961777,0.961777,0.961777,
pre,1,0.543306,0.543306,,0.543306,0.543306,0.543306,0.543306,
