,N,Mean,Median,Std,Min,P25,P75,Max,Skewness
in,1,0.043453,0.043453,,0.043453,0.043453,0.043453,0.043453,
