,N,Mean,Median,Std,Min,P25,P75,Max,Skewness
in,3,0.184349,0.190183,0.027538,0.154361,0.172272,0.199342,0.208501,-0.371774
post,1,0.370478,0.370478,,0.370478,0.370478,0.370478,0.370478,
pre,1,0.452955,0.452955,,0.452955,0.452955,0.452955,0.452955,
