,N,Mean,Median,Std,Min,P25,P75,Max,Skewness
in,1,0.072575,0.072575,,0.072575,0.072575,0.072575,0.072575,
post,1,0.090454,0.090454,,0.090454,0.090454,0.090454,0.090454,
pre,1,0.097918,0.097918,,0.097918,0.097918,0.097918,0.097918,
