,N,Mean,Median,Std,Min,P25,P75,Max,Skewness
in,2,0.544167,0.544167,0.009545,0.537418,0.540792,0.547541,0.550916,0.0
post,2,0.235907,0.235907,0.118362,0.152212,0.194059,0.277754,0.319602,0.0
pre,2,0.502135,0.502135,0.021117,0.487204,0.49467,0.509601,0.517067,0.0
