,N,Mean,Median,Std,Min,P25,P75,Max,Skewness
in,9,0.02457,0.023483,0.003876,0.018914,0.022295,0.028235,0.030336,0.162153
post,9,0.024085,0.024547,0.004738,0.017162,0.020944,0.027775,0.031753,0.153043
pre,9,0.023685,0.021662,0.005225,0.018533,0.020461,0.024165,0.033124,1.036284
