,N,Mean,Median,Std,Min,P25,P75,Max,Skewness
in,4,0.024168,0.024671,0.005704,0.017544,0.020422,0.028417,0.029788,-0.166711
post,5,0.026025,0.027436,0.002713,0.021957,0.024547,0.027812,0.028375,-0.6871
pre,3,0.021802,0.022724,0.00587,0.015526,0.019125,0.024941,0.027157,-0.281443
