,N,Mean,Median,Std,Min,P25,P75,Max,Skewness
in,4,0.61412,0.626697,0.304342,0.286523,0.392816,0.848001,0.916561,-0.061675
post,5,0.604988,0.542931,0.270381,0.282457,0.48079,0.718506,1.000254,0.389024
pre,3,0.570408,0.420025,0.396459,0.271142,0.345583,0.720041,1.020057,0.596585
