,N,Mean,Median,Std,Min,P25,P75,Max,Skewness
in,3,0.026925,0.028966,0.006856,0.01928,0.024123,0.030747,0.032529,-0.498354
post,4,0.024247,0.024792,0.003195,0.020268,0.022379,0.026661,0.027137,-0.342473
