,N,Mean,Median,Std,Min,P25,P75,Max,Skewness
post,1,25.837661,25.837661,,25.837661,25.837661,25.837661,25.837661,
