,N,Mean,Median,Std,Min,P25,P75,Max,Skewness
in,4,0.023666,0.022889,0.005567,0.018823,0.019097,0.027458,0.030062,0.18597
post,4,0.022602,0.02214,0.00354,0.018917,0.020521,0.024221,0.02721,0.38506
pre,3,0.022979,0.021344,0.003006,0.021145,0.021245,0.023896,0.026448,0.703632
