,N,Mean,Median,Std,Min,P25,P75,Max,Skewness
in,3,0.027351,0.027961,0.001814,0.025311,0.026636,0.028372,0.028783,-0.547243
post,5,0.026037,0.025222,0.003518,0.021394,0.024547,0.028826,0.030196,-0.066106
pre,3,0.02666,0.025698,0.002219,0.025084,0.025391,0.027448,0.029198,0.646629
