,N,Mean,Median,Std,Min,P25,P75,Max,Skewness
in,3,0.024884,0.023209,0.003223,0.022844,0.023026,0.025905,0.0286,0.696892
post,3,0.017146,0.017003,0.009245,0.007973,0.012488,0.021732,0.026461,0.0284
pre,3,0.022327,0.019653,0.005293,0.018906,0.019279,0.024038,0.028424,0.691322
