,N,Mean,Median,Std,Min,P25,P75,Max,Skewness
post,1,0.443865,0.443865,,0.443865,0.443865,0.443865,0.443865,
