,N,Mean,Median,Std,Min,P25,P75,Max,Skewness
in,7,0.024815,0.025219,0.003612,0.019097,0.022844,0.027092,0.029514,-0.357423
post,7,0.023125,0.024096,0.002142,0.018804,0.02252,0.02458,0.024772,-1.280072
pre,6,0.024059,0.025629,0.003206,0.018719,0.022567,0.025829,0.026939,-0.866577
