,N,Mean,Median,Std,Min,P25,P75,Max,Skewness
post,1,15.244945,15.244945,,15.244945,15.244945,15.244945,15.244945,
