,N,Mean,Median,Std,Min,P25,P75,Max,Skewness
in,5,0.02352,0.0233,0.003864,0.017727,0.022935,0.025402,0.028235,-0.402815
post,10,0.024475,0.025214,0.003797,0.018241,0.021932,0.027492,0.0286,-0.574417
pre,2,0.023366,0.023366,0.001586,0.022245,0.022805,0.023927,0.024487,0.0
