,N,Mean,Median,Std,Min,P25,P75,Max,Skewness
in,3,0.026407,0.025128,0.005325,0.021838,0.023483,0.028692,0.032255,0.415876
post,1,0.024997,0.024997,,0.024997,0.024997,0.024997,0.024997,
pre,1,0.02775,0.02775,,0.02775,0.02775,0.02775,0.02775,
