,N,Mean,Median,Std,Min,P25,P75,Max,Skewness
in,7,0.232268,0.266201,0.178433,0.008846,0.10325,0.307031,0.530265,0.320525
post,7,0.129387,0.091809,0.106909,0.000443,0.054466,0.221681,0.26116,0.179077
pre,6,0.284632,0.254372,0.170368,0.053917,0.220434,0.342711,0.563851,0.424105
