,N,Mean,Median,Std,Min,P25,P75,Max,Skewness
in,7,0.023927,0.026864,0.005912,0.014346,0.019965,0.028692,0.028966,-0.624568
post,7,0.024338,0.026574,0.009973,0.004279,0.022351,0.030683,0.033442,-1.253926
pre,6,0.027657,0.027202,0.003362,0.02422,0.024726,0.030543,0.031759,0.172444
