,N,Mean,Median,Std,Min,P25,P75,Max,Skewness
in,7,0.984552,0.674001,0.998177,0.369276,0.430728,0.898833,3.189467,1.829347
post,7,0.713576,0.688661,0.360826,0.042482,0.666428,0.901469,1.128096,-0.657918
pre,6,0.620494,0.618415,0.197238,0.411948,0.449288,0.794893,0.827552,0.003148
