,N,Mean,Median,Std,Min,P25,P75,Max,Skewness
in,5,0.030172,0.029971,0.003168,0.026316,0.029148,0.030336,0.035088,0.530804
post,7,0.025494,0.027137,0.009725,0.008558,0.021338,0.032204,0.035678,-0.628437
pre,4,0.028821,0.028994,0.002914,0.025623,0.026742,0.031072,0.031671,-0.090972
