,N,Mean,Median,Std,Min,P25,P75,Max,Skewness
in,1,0.024762,0.024762,,0.024762,0.024762,0.024762,0.024762,
post,1,0.024322,0.024322,,0.024322,0.024322,0.024322,0.024322,
pre,1,0.02332,0.02332,,0.02332,0.02332,0.02332,0.02332,
