,N,Mean,Median,Std,Min,P25,P75,Max,Skewness
in,6,0.021077,0.020651,0.004355,0.01462,0.020376,0.021679,0.028235,0.259146
post,5,0.023173,0.021732,0.003471,0.019818,0.020718,0.025673,0.027925,0.450145
pre,5,0.020255,0.022534,0.005694,0.01049,0.020215,0.023371,0.024664,-1.216021
