,N,Mean,Median,Std,Min,P25,P75,Max,Skewness
post,1,75.82088,75.82088,,75.82088,75.82088,75.82088,75.82088,
