,N,Mean,Median,Std,Min,P25,P75,Max,Skewness
post,1,1.363291,1.363291,,1.363291,1.363291,1.363291,1.363291,
