,N,Mean,Median,Std,Min,P25,P75,Max,Skewness
in,10,0.026005,0.025356,0.005974,0.017544,0.023963,0.02908,0.03792,0.346452
post,10,0.025597,0.028319,0.005689,0.014188,0.021579,0.029389,0.032429,-0.756728
pre,8,0.024019,0.024066,0.005226,0.017325,0.019489,0.027808,0.031325,0.092719
