,N,Mean,Median,Std,Min,P25,P75,Max,Skewness
in,1,1.384071,1.384071,,1.384071,1.384071,1.384071,1.384071,
post,1,1.446001,1.446001,,1.446001,1.446001,1.446001,1.446001,
