,N,Mean,Median,Std,Min,P25,P75,Max,Skewness
in,1,2.261419,2.261419,,2.261419,2.261419,2.261419,2.261419,
