,N,Mean,Median,Std,Min,P25,P75,Max,Skewness
in,1,131.974803,131.974803,,131.974803,131.974803,131.974803,131.974803,
