,N,Mean,Median,Std,Min,P25,P75,Max,Skewness
in,2,0.470098,0.470098,0.254525,0.290122,0.38011,0.560087,0.650075,0.0
post,2,0.488458,0.488458,0.260441,0.304299,0.396378,0.580538,0.672617,0.0
pre,2,0.47093,0.47093,0.268299,0.281215,0.376072,0.565788,0.660646,0.0
