,N,Mean,Median,Std,Min,P25,P75,Max,Skewness
in,1,0.710339,0.710339,,0.710339,0.710339,0.710339,0.710339,
post,1,1.057123,1.057123,,1.057123,1.057123,1.057123,1.057123,
pre,1,0.753873,0.753873,,0.753873,0.753873,0.753873,0.753873,
