,N,Mean,Median,Std,Min,P25,P75,Max,Skewness
in,1,0.006026,0.006026,,0.006026,0.006026,0.006026,0.006026,
post,1,0.02229,0.02229,,0.02229,0.02229,0.02229,0.02229,
pre,1,0.049964,0.049964,,0.049964,0.049964,0.049964,0.049964,
