,N,Mean,Median,Std,Min,P25,P75,Max,Skewness
in,1,0.021016,0.021016,,0.021016,0.021016,0.021016,0.021016,
post,1,0.023646,0.023646,,0.023646,0.023646,0.023646,0.023646,
pre,1,0.021742,0.021742,,0.021742,0.021742,0.021742,0.021742,
