,N,Mean,Median,Std,Min,P25,P75,Max,Skewness
in,2,0.226012,0.226012,0.119787,0.14131,0.183661,0.268364,0.310715,0.0
post,2,0.244824,0.244824,0.206899,0.098525,0.171675,0.317974,0.391124,0.0
pre,2,0.287,0.287,0.050022,0.251629,0.269314,0.304685,0.32237,0.0
