Model,MAE,RMSE,MAPE(%),sMAPE(%)
Naive,0.09861540135522669,0.1149422638577838,31.29701305063439,38.68745463780541
Seasonal Naive (365d),0.03441170615486728,0.045032775491820325,12.30259934363129,11.785853207301338
Rolling Mean (7d),0.10449182231228692,0.12048697510543892,33.31345633795094,41.64634969341737
SARIMA,0.22139728584399218,0.23920344457259968,74.85127537893793,132.38267218852423
Ridge (calendar only),0.04924729800867283,0.05959227679787546,15.752620087829783,17.425661787623774
Random Forest (calendar only),0.05009275533693934,0.059858053810284674,16.20068422594897,18.01552445639567
LSTM v2 (no history),0.0185384495147886,0.024713864919964666,6.3396042882776475,6.3504139163963
N-BEATS v2 (no history),0.015000724323227755,0.02062280738809476,5.10830003149625,5.122136528649438
Hybrid v2 (no history),0.0440230904134375,0.05325033983240241,16.389146692633673,14.822469038769018
